"from.gene"	"to.gene"	"im"
"Nr2f1.48h"	"Smad7.48h"	0.116061460959565
"Gata2.48h"	"Gata3.24.72h.max"	0.114413597356387
"Smad7.48h"	"Nr2f1.48h"	0.111156642807476
"Gata3.24.72h.max"	"Gata2.48h"	0.105587438826179
"Tcf3.48h"	"Esx1.24.72h.max"	0.0896860875948095
"Hsf2bp.48h"	"Ash2L.48h"	0.087422308427488
"Pdlim1.48h"	"Mbd3.48h"	0.0871366705842798
"Lass2.48h"	"Fgfbp1.48h"	0.0845659467117137
"Tcf3.48h"	"Dmrt1.48h"	0.0828848410658462
"Mbd3.48h"	"Pdlim1.48h"	0.0816468761658081
"Ash2L.48h"	"Hsf2bp.48h"	0.0807030313085392
"MyoD1.48h"	"Ascl2.24.72h.max"	0.0801803207205222
"Ascl2.24.72h.max"	"MyoD1.48h"	0.0794365899541199
"Sfpi1.48h"	"Mettl5.48h"	0.0784565544489045
"Smad6.48h"	"Batf3.48h"	0.0776271359442009
"Id3.48h"	"Tcf4.48h"	0.0763947106681435
"Ash2L.48h"	"Zfp57.48h"	0.0755476842565021
"Zfp57.48h"	"Ash2L.48h"	0.0744156351251412
"Ash2L.48h"	"Hmga2.48h"	0.0736170205255228
"Cdyl.48h"	"Ugp2.48h"	0.0729098699231244
"Tcfcp2l1.48h"	"Zic1.48h"	0.0727404213554692
"Tcf3.48h"	"Jun.48h"	0.0713132717148268
"Ascl2.24.72h.max"	"Ascl1.24.72h.max"	0.0711623152502314
"Hmga2.48h"	"Ash2L.48h"	0.0706403541364761
"Esx1.24.72h.max"	"Tcf3.48h"	0.0704337513829257
"Hmga2.48h"	"Hsf2bp.48h"	0.0695287016614571
"Zfp57.48h"	"Hsf2bp.48h"	0.0686803237680038
"Pdlim1.48h"	"Sap30.48h"	0.0677179038902356
"Id1.48h"	"Id3.48h"	0.066833104163094
"Zic1.48h"	"Tcfcp2l1.48h"	0.066752381015739
"Dmrt1.48h"	"Tcf3.48h"	0.066361145125444
"Tcf3.48h"	"Sox9.48h"	0.0655579616503162
"Hsf2bp.48h"	"Zfp57.48h"	0.0644101784958587
"Sap30.48h"	"Pdlim1.48h"	0.0639467521951982
"Ugp2.48h"	"Cdyl.48h"	0.0639175038278387
"Ascl1.24.72h.max"	"Ascl2.24.72h.max"	0.0629928537111378
"Fgfbp1.48h"	"Lass2.48h"	0.062583793856599
"Zfp57.48h"	"Hmga2.48h"	0.0623175413063656
"Mybl2.48h"	"Atf3.48h"	0.0614583205299514
"Hsf2bp.48h"	"Hmga2.48h"	0.0603122747802789
"Mybl2.48h"	"Nr5a2.48h"	0.0577824658864129
"Atf3.48h"	"Mybl2.48h"	0.057124531995099
"Id3.48h"	"Id1.48h"	0.0566484101364742
"Cdx2.24.72h.max"	"Smad4.48h"	0.056506340309983
"Sap30.48h"	"Mbd3.48h"	0.056359210543039
"Tcl1.48h"	"Cdyl2.48h"	0.0561014259694631
"Esx1.24.72h.max"	"Foxp3.48h"	0.0560753214031237
"Tcf3.48h"	"Cdx2.24.72h.max"	0.0557876031744008
"Foxl2.48h"	"Foxc1.48h"	0.0555584227399557
"Ascl2.24.72h.max"	"Tcfap2c.48h"	0.0554794309857696
"Etv1.48h"	"Sap30.48h"	0.0552574228374807
"Tcf4.48h"	"Id3.48h"	0.0551339752590195
"Cdx2.24.72h.max"	"Tcf3.48h"	0.0550463174783583
"Gbx2.48h"	"Hesx1.48h"	0.0548930750074978
"Six1.48h"	"Smad6.48h"	0.0547689270932884
"Nrip1.48h"	"Pou5f1.24.72h.max"	0.0545706435627236
"Dppa3.48h"	"Nupr1.48h"	0.0544484170523188
"Hmga2.48h"	"Zfp57.48h"	0.0540282610865882
"Tcf3.48h"	"Nrip1.48h"	0.0539441931543008
"Etv5.48h"	"Mybl2.48h"	0.0538949362583181
"Tuba1a.48h"	"Stat3.48h"	0.0538875575785134
"Eomes.48h"	"Grhl2.48h"	0.0536378008002723
"Mettl5.48h"	"Sfpi1.48h"	0.0535750282378918
"Tcf3.48h"	"Nkx2.5.48h"	0.0533914937887456
"Tcfap2c.48h"	"Ascl2.24.72h.max"	0.0532803264430992
"Jun.48h"	"Tcf3.48h"	0.0532534830623652
"Hesx1.48h"	"Gbx2.48h"	0.052962730532832
"Nrip1.48h"	"Tcf3.48h"	0.0529324995966051
"Mycn.48h"	"Myc.24.72h.max"	0.0528348965605532
"Myc.24.72h.max"	"Mycn.48h"	0.0520409729290833
"Tcfap2c.48h"	"Gbx2.48h"	0.0519930716641713
"Dmrt1.48h"	"Sox9.48h"	0.0518835257291992
"Jarid2.48h"	"Rhox6.48h"	0.0518510954949699
"Hoxa9.48h"	"Smad6.48h"	0.0516248810232504
"Prickle1.48h"	"Ostf1.48h"	0.0513676954214293
"Dlx3.48h"	"Hoxa9.48h"	0.0512400531379937
"Tcf3.48h"	"Otx2.48h"	0.0511697444261679
"Jarid2.48h"	"Tuba1a.48h"	0.0509958025610336
"Six1.48h"	"Tcfap2c.48h"	0.0504986194453509
"Dnmt3b.48h"	"Tcea3.48h"	0.0500355748012515
"Batf3.48h"	"Smad6.48h"	0.0494469672359724
"MyoD1.48h"	"Ascl1.24.72h.max"	0.0490721400857869
"Nrip1.48h"	"Foxg1.48h"	0.0485737731213458
"Tuba1a.48h"	"Mycn.48h"	0.0484552659271083
"Nrip1.48h"	"Prickle1.48h"	0.0481794553907488
"Pdlim1.48h"	"Hoxa2.48h"	0.0481354434394983
"Sox9.48h"	"Tcf3.48h"	0.0480466631659739
"Tcfap2c.48h"	"Six1.48h"	0.0480361547337791
"Tcf3.48h"	"Foxl2.48h"	0.047958273822209
"Aes.48h"	"Dppa5a.48h"	0.0478756717222306
"Suz12.48h"	"Mycn.48h"	0.0478644003198489
"Ascl1.24.72h.max"	"MyoD1.48h"	0.0478278967745131
"Sap30.48h"	"Etv1.48h"	0.0478275882649332
"Mybl2.48h"	"Etv5.48h"	0.0476115917391943
"Stra13.48h"	"Arnt2.48h"	0.0473891344642089
"Cdx2.24.72h.max"	"Dmrt1.48h"	0.0472341525627109
"Sirt3.48h"	"Arnt2.48h"	0.0471503861468845
"Zic1.48h"	"Sox11.48h"	0.0469691726293058
"Tcea3.48h"	"Dnmt3b.48h"	0.0468405689437044
"Ostf1.48h"	"Prickle1.48h"	0.0468186026773517
"Nupr1.48h"	"Dppa3.48h"	0.0465701054898688
"Mbd3.48h"	"Sap30.48h"	0.0464938281781696
"Tcf3.48h"	"Foxc1.48h"	0.0463383545858085
"Nr5a2.48h"	"Mybl2.48h"	0.0462378546868859
"Zfp57.48h"	"Sub1.48h"	0.0462335531970848
"Mybl2.48h"	"Msc.48h"	0.0462224076121659
"Tgm2.48h"	"Esx1.24.72h.max"	0.0461987995975263
"Mbd3.48h"	"Hoxa2.48h"	0.0459225235874952
"Whsc2.48h"	"Tbx3.48h"	0.0456822315846898
"Dmrt1.48h"	"Ascl1.24.72h.max"	0.0452159107854843
"Sox9.48h"	"Dmrt1.48h"	0.0450201036282785
"Ell2.48h"	"Cdyl2.48h"	0.0446729390612074
"Mycn.48h"	"Suz12.48h"	0.0446678190544301
"Esx1.24.72h.max"	"Tgm2.48h"	0.0445938834197296
"Elf1.48h"	"Nr2f2.48h"	0.044567132573213
"Tbx5.48h"	"T.24.72h.max"	0.0444291482539116
"MyoD1.48h"	"Foxl2.48h"	0.0441145008847689
"Dppa5a.48h"	"Aes.48h"	0.0440535695673124
"Nr0b1.48h"	"Atf3.48h"	0.044013815100181
"Gbx2.48h"	"Tcfap2c.48h"	0.0436328695534646
"Nrip1.48h"	"Tcfcp2l1.48h"	0.0435739385152066
"Nrip1.48h"	"Nr0b1.48h"	0.0435261011239339
"Etv5.48h"	"Sirt3.48h"	0.043363958595003
"Fhl2.48h"	"Dedd2.48h"	0.0430483669873405
"Ascl2.24.72h.max"	"Tcf4.48h"	0.0429743310933098
"Cbx8.48h"	"Pou5f1.24.72h.max"	0.0425851903486415
"Foxc1.48h"	"Foxl2.48h"	0.0424153263815231
"T.24.72h.max"	"Tbx5.48h"	0.0422667106867985
"Pou5f1.24.72h.max"	"Nrip1.48h"	0.0422078257605538
"Hoxa9.48h"	"Dlx3.48h"	0.0421551597633592
"Foxc1.48h"	"Foxa1.48h"	0.0418529352308246
"Ctbp2.48h"	"Rest.48h"	0.0416981421371059
"Id1.48h"	"Tcf4.48h"	0.0413792989190143
"Lass2.48h"	"Dedd2.48h"	0.0413475890704186
"Dppa5a.48h"	"Cbx8.48h"	0.0412032682726216
"Gata3.24.72h.max"	"Lhx2.48h"	0.0410347880689581
"Jun.48h"	"Fosl2.48h"	0.0407808855412986
"Dppa5a.48h"	"Tcea3.48h"	0.04039954291993
"Esx1.24.72h.max"	"Klf4.24.72h.max"	0.0403616519720964
"Hoxa2.48h"	"Pdlim1.48h"	0.0403477373696611
"Etv5.48h"	"Cbx8.48h"	0.04022172765262
"Sub1.48h"	"Fgfbp1.48h"	0.0399906029468833
"Dmrt1.48h"	"Nkx2.5.48h"	0.039983055239556
"Nr2f2.48h"	"Elf1.48h"	0.039644754698601
"Lass2.48h"	"X4932441K18Rik.48h"	0.0395148781625287
"Nr0b1.48h"	"Nrip1.48h"	0.0390266597150989
"Foxp3.48h"	"Esx1.24.72h.max"	0.0388143696032189
"Smad1.48h"	"Dnmt3b.48h"	0.0386184642979567
"Hmga2.48h"	"Tgif1.48h"	0.0384749925533405
"Nrip1.48h"	"Zic1.48h"	0.0384651271625007
"Foxl2.48h"	"MyoD1.48h"	0.038411134943978
"Dedd2.48h"	"Lass2.48h"	0.0384097876721694
"Atf3.48h"	"Nr0b1.48h"	0.0383071415253811
"Tcf3.48h"	"Klf4.24.72h.max"	0.0382059380532524
"Grhl2.48h"	"Eomes.48h"	0.0381737444286143
"Stat3.48h"	"Ctnnb1.48h"	0.038069274945936
"Cdx2.24.72h.max"	"Eomes.48h"	0.0379819535312816
"Atf3.48h"	"Nr5a2.48h"	0.0379715178820008
"Msc.48h"	"Mybl2.48h"	0.0378485549281201
"Tgm2.48h"	"Dedd2.48h"	0.0377846264168779
"Eomes.48h"	"Nkx2.5.48h"	0.0377343049964879
"Tcf3.48h"	"Foxg1.48h"	0.0376987353366331
"Ankrd22.48h"	"Nupr1.48h"	0.0376969379282447
"Jun.48h"	"Klf4.24.72h.max"	0.0376353387389372
"Aes.48h"	"Smad4.48h"	0.0376271736094672
"Dmrt1.48h"	"Cdx2.24.72h.max"	0.0375799956353651
"Hoxa2.48h"	"Mbd3.48h"	0.0373887401480665
"Hmga2.48h"	"Fbxo15.48h"	0.0373461391272327
"Esx1.24.72h.max"	"Nkx2.5.48h"	0.0373232101943966
"Rhox6.48h"	"Tuba1a.48h"	0.0373089151280762
"Sfrs6.48h"	"Id3.48h"	0.0372866598301853
"Dlx3.48h"	"Lhx2.48h"	0.0371658678720411
"Jarid1a.48h"	"Inppl1.48h"	0.0371104763036234
"Smad4.48h"	"Cdx2.24.72h.max"	0.037094160568157
"Ctbp2.48h"	"Id1.48h"	0.0370932641069319
"Etv1.48h"	"Cdyl2.48h"	0.0370588604881054
"Tgif1.48h"	"Hmga2.48h"	0.0370587110075712
"Fgfbp1.48h"	"Sub1.48h"	0.0370468364273085
"Cbx8.48h"	"Dppa5a.48h"	0.0370389332030609
"Lass2.48h"	"Sub1.48h"	0.036622374531782
"Etv5.48h"	"Nr5a2.48h"	0.0366156293127127
"Cdx2.24.72h.max"	"Tuba1a.48h"	0.0365471029037945
"Mycn.48h"	"Tuba1a.48h"	0.0365239957535299
"Msc.48h"	"Nr5a2.48h"	0.0361060732938112
"Hoxa9.48h"	"Rxra.48h"	0.0359661482199614
"Tgif1.48h"	"Hsf2bp.48h"	0.0359661049808456
"Mbd3.48h"	"Meis2.48h"	0.0359318361757873
"Tcf4.48h"	"Ascl1.24.72h.max"	0.0357646086712395
"Foxl2.48h"	"Jun.48h"	0.0357311115947896
"Atxn1.48h"	"Smad6.48h"	0.035610084603439
"Suz12.48h"	"Eed.48h"	0.0355722049858502
"Gata2.48h"	"Nkx2.5.48h"	0.0354901468928412
"Pou5f1.24.72h.max"	"Cbx8.48h"	0.0354494739912842
"Foxj2.48h"	"Whsc2.48h"	0.0353779871777964
"Mettl5.48h"	"Dnmt3b.48h"	0.0353396199804879
"Mbd3.48h"	"Tcfcp2l1.48h"	0.0353202211274095
"Esx1.24.72h.max"	"Foxl2.48h"	0.0352725661220295
"Tuba1a.48h"	"Suz12.48h"	0.0350830751290271
"Pdlim1.48h"	"Cdyl2.48h"	0.0350553199324406
"Id1.48h"	"Tuba1a.48h"	0.0349416854115033
"Dlx3.48h"	"T.24.72h.max"	0.0348601479100614
"Pdlim1.48h"	"Etv1.48h"	0.0348540021150977
"Nkx2.5.48h"	"Tcf3.48h"	0.0348492918410102
"Esx1.24.72h.max"	"Ascl1.24.72h.max"	0.034807669572041
"Jun.48h"	"Nkx2.5.48h"	0.0347684310321304
"Gbx2.48h"	"Foxp3.48h"	0.0347155490474792
"Cdx2.24.72h.max"	"Foxl2.48h"	0.0347118320488244
"Jun.48h"	"Foxl2.48h"	0.0346886300600657
"Gata3.24.72h.max"	"Gbx2.48h"	0.0346748774976568
"Aff1.48h"	"Cdyl2.48h"	0.03465332144292
"T.24.72h.max"	"Cdx2.24.72h.max"	0.034633576020337
"Tcfcp2l1.48h"	"Pdlim1.48h"	0.0344897920957584
"Nrip1.48h"	"Jun.48h"	0.0344368047003031
"Nr2f2.48h"	"Myc.24.72h.max"	0.0343398128705451
"Dnmt3b.48h"	"Ctbp2.48h"	0.0342292318384875
"Sox11.48h"	"Zic1.48h"	0.0342110721444932
"Foxp3.48h"	"Foxg1.48h"	0.0341870480417165
"Tgm2.48h"	"Ostf1.48h"	0.0340666690109893
"Eomes.48h"	"T.24.72h.max"	0.0339855233569337
"Tuba1a.48h"	"Msc.48h"	0.0339739995255066
"Ankrd22.48h"	"Fbxo15.48h"	0.0339027033333534
"Hoxa9.48h"	"Tcfcp2l1.48h"	0.0337480419649359
"Dlx3.48h"	"Gata3.24.72h.max"	0.0337309133418168
"Suz12.48h"	"Gadd45a.48h"	0.033708098853653
"Atf3.48h"	"Fosl2.48h"	0.0336398087411034
"Cdyl.48h"	"Jarid1a.48h"	0.0336326933548882
"Nrip1.48h"	"Sap30.48h"	0.0336276981854907
"Whsc2.48h"	"Nupr1.48h"	0.0336123176158659
"Dppa3.48h"	"Tgif1.48h"	0.0335370965996801
"Nkx2.5.48h"	"Dmrt1.48h"	0.0335002765694521
"Tuba1a.48h"	"Etv5.48h"	0.0334488072196898
"Cdx2.24.72h.max"	"Nkx2.5.48h"	0.0334424680706704
"Ascl1.24.72h.max"	"Tcf4.48h"	0.0334276793630529
"Eed.48h"	"Aes.48h"	0.0333527766518481
"Rest.48h"	"Ctnnb1.48h"	0.0333274088021606
"Esx1.24.72h.max"	"Foxc1.48h"	0.0333241178970258
"Msc.48h"	"Atxn1.48h"	0.0333169660182625
"Arnt2.48h"	"Sirt3.48h"	0.0333099299086056
"Ugp2.48h"	"X4932441K18Rik.48h"	0.0332637087200071
"Lass2.48h"	"Etv3.48h"	0.0330836498823285
"Gata2.48h"	"Inppl1.48h"	0.0329911197197891
"Prickle1.48h"	"Nrip1.48h"	0.0329702340622616
"T.24.72h.max"	"MyoD1.48h"	0.032942681686178
"Hsf2bp.48h"	"Hoxa9.48h"	0.0329366774409747
"Ctnnb1.48h"	"Tbx3.48h"	0.0329078496804284
"Id1.48h"	"Gadd45a.48h"	0.0328298064649215
"Cdx2.24.72h.max"	"Foxc1.48h"	0.0328278315173212
"Nkx2.5.48h"	"Gata2.48h"	0.0328192167734447
"Hoxa9.48h"	"Nanog.48h"	0.0327395310475593
"Nrip1.48h"	"Otx2.48h"	0.0327040114515837
"Tgm2.48h"	"Inppl1.48h"	0.0327002949570845
"Gata3.24.72h.max"	"Klf4.24.72h.max"	0.0326947674655838
"Gata3.24.72h.max"	"Dlx3.48h"	0.0326100400900653
"Fhl2.48h"	"Lass2.48h"	0.0326033342398548
"Lhx2.48h"	"Myc.24.72h.max"	0.0325939220309911
"Sap30.48h"	"Irf2.48h"	0.0325882659020527
"Nkx2.5.48h"	"Etv1.48h"	0.0325112214667906
"Smad1.48h"	"Eed.48h"	0.0324972638625574
"Eed.48h"	"Stat3.48h"	0.0324835333556639
"Tcf3.48h"	"Tgm2.48h"	0.0324614797658146
"Mettl5.48h"	"Ctnnb1.48h"	0.0324471254300888
"Smad4.48h"	"Rhox6.48h"	0.0322538974358734
"Foxp3.48h"	"Rest.48h"	0.0322465239082172
"Nrip1.48h"	"Sox9.48h"	0.032211588688859
"Rest.48h"	"Ctbp2.48h"	0.0321113482776952
"Etv3.48h"	"Whsc2.48h"	0.0321046258683973
"Smad6.48h"	"Arnt2.48h"	0.0320955390969028
"MyoD1.48h"	"Elf1.48h"	0.032025357635007
"Foxg1.48h"	"Nrip1.48h"	0.0320179296643411
"Fhl2.48h"	"Tcfap2c.48h"	0.0320118462832746
"Lhx2.48h"	"Hoxa2.48h"	0.031996772925644
"Sox2.24.72h.max"	"Sox15.48h"	0.0319737274884937
"Pdlim1.48h"	"Foxg1.48h"	0.0319686749689954
"Tcf4.48h"	"Id1.48h"	0.0318810101561961
"Ascl1.24.72h.max"	"Esx1.24.72h.max"	0.0317720438362318
"Dlx3.48h"	"Rxra.48h"	0.0317198703304423
"Hsf2bp.48h"	"Tgif1.48h"	0.0317084279129044
"Stat3.48h"	"Etv3.48h"	0.031694103262308
"Hoxa9.48h"	"Hsf2bp.48h"	0.0316573134030445
"Nr5a2.48h"	"Msc.48h"	0.0316474100723704
"Dlx3.48h"	"Myc.24.72h.max"	0.0315944662662715
"Foxl2.48h"	"Bcl6.48h"	0.0315588992635083
"Stat3.48h"	"Tuba1a.48h"	0.0315496121304001
"Rest.48h"	"Klf9.48h"	0.031416175893073
"Dlx3.48h"	"Eomes.48h"	0.031288679995997
"Gata3.24.72h.max"	"Elf1.48h"	0.0312823403374422
"T.24.72h.max"	"Irf2.48h"	0.0312574619160249
"Sirt3.48h"	"Etv5.48h"	0.0312411523054026
"Foxl2.48h"	"Aff1.48h"	0.0312338967738239
"Stat3.48h"	"Sfpi1.48h"	0.0311737848523492
"Esx1.24.72h.max"	"Dmrt1.48h"	0.031161760136709
"Suz12.48h"	"Tuba1a.48h"	0.031154449997416
"Sub1.48h"	"Lass2.48h"	0.0311042768663888
"Cbx8.48h"	"Etv5.48h"	0.0310843451059882
"Tuba1a.48h"	"Jarid2.48h"	0.0310604345321608
"Smad1.48h"	"Etv5.48h"	0.031056423953002
"Whsc2.48h"	"Stat3.48h"	0.0310498025712404
"Prickle1.48h"	"X4932441K18Rik.48h"	0.030981221509576
"T.24.72h.max"	"Eomes.48h"	0.0309779751412638
"Cdyl2.48h"	"Etv1.48h"	0.0309272000660997
"Whsc2.48h"	"Eed.48h"	0.03091309127044
"Cdyl.48h"	"Inppl1.48h"	0.0308352763926383
"Inppl1.48h"	"Jarid1a.48h"	0.03081383449075
"Inppl1.48h"	"Cdyl.48h"	0.0307996830126382
"Tcfap2c.48h"	"Fhl2.48h"	0.0307385696652241
"Smad4.48h"	"Tuba1a.48h"	0.0307013161454163
"Ascl1.24.72h.max"	"Dmrt1.48h"	0.0306626060642037
"Tcf3.48h"	"Ascl1.24.72h.max"	0.0306612211510435
"Sirt3.48h"	"Stra13.48h"	0.0306328061932903
"Zfp57.48h"	"X4932441K18Rik.48h"	0.0305842851891352
"Gata3.24.72h.max"	"Zscan4c.48h"	0.0305653274676464
"Ascl1.24.72h.max"	"Foxc1.48h"	0.0305623386519506
"Sox7.48h"	"Mef2c.48h"	0.0305515442377576
"Etv5.48h"	"Ctnnb1.48h"	0.0304880330949087
"Stat3.48h"	"Ctbp2.48h"	0.0304760820766644
"Stra13.48h"	"Batf3.48h"	0.0304724792851043
"Nupr1.48h"	"Cdyl.48h"	0.030378143671021
"Foxl2.48h"	"Tcf3.48h"	0.0302723398671872
"Eomes.48h"	"Dlx3.48h"	0.0302424712457097
"Foxp3.48h"	"Tbx5.48h"	0.0301743208087324
"Stat3.48h"	"Mettl5.48h"	0.0300768047892107
"Mycn.48h"	"Whsc2.48h"	0.0300449954330384
"MyoD1.48h"	"T.24.72h.max"	0.0300091162722606
"Sox11.48h"	"Smad1.48h"	0.0300090758647414
"Zfand3.48h"	"Dppa5a.48h"	0.0300012516393492
"Cdx2.24.72h.max"	"T.24.72h.max"	0.0299551699628625
"Gata2.48h"	"Gbx2.48h"	0.0299339960213733
"Jun.48h"	"Esx1.24.72h.max"	0.0299060174379717
"Tcfcp2l1.48h"	"Elf5.48h"	0.029864074168763
"Fem1b.48h"	"Etv3.48h"	0.0298467243433338
"Mybl2.48h"	"Nupr1.48h"	0.0298420135223245
"Foxg1.48h"	"Pdlim1.48h"	0.0297916993718206
"MyoD1.48h"	"Foxc1.48h"	0.0297832593587518
"Tuba1a.48h"	"Rhox6.48h"	0.0297788939750607
"Rhox6.48h"	"Jarid2.48h"	0.0297185810280995
"Ctbp2.48h"	"Etv3.48h"	0.0296844363417885
"Batf3.48h"	"Trpv2.48h"	0.0296659921169985
"Nr2f2.48h"	"Mycn.48h"	0.0296618678756069
"Tcea3.48h"	"Dppa5a.48h"	0.029638358309811
"Stra13.48h"	"Jarid1a.48h"	0.0296240554104778
"Nrip1.48h"	"Sox11.48h"	0.0295883257273599
"Ctbp2.48h"	"Dppa5a.48h"	0.0295592260339036
"Tuba1a.48h"	"Mybl2.48h"	0.0294356937549343
"Dmrt1.48h"	"Foxl2.48h"	0.0294147112986023
"Jarid2.48h"	"Eed.48h"	0.029408314508696
"Foxl2.48h"	"Gata2.48h"	0.029394347618339
"X4932441K18Rik.48h"	"Zmat4.48h"	0.0293561999027416
"Zic1.48h"	"Elf5.48h"	0.0293506960227891
"Nupr1.48h"	"Ankrd22.48h"	0.0293319445848975
"Sox7.48h"	"Otx1.48h"	0.0293263658327301
"Tcfcp2l1.48h"	"Mbd3.48h"	0.0293120068979216
"Rhox6.48h"	"Mybl2.48h"	0.0292823056884432
"Trpv2.48h"	"Cdyl.48h"	0.029254503163602
"Nkx2.5.48h"	"Esx1.24.72h.max"	0.029201978259014
"Nrip1.48h"	"Sox7.48h"	0.02919147407428
"Tgm2.48h"	"Tcf3.48h"	0.0291697259412622
"Rest.48h"	"Ankrd22.48h"	0.02911891904099
"Mybl2.48h"	"Whsc2.48h"	0.0291146810522456
"Tgif1.48h"	"Dppa3.48h"	0.0291032798260553
"Dmrt1.48h"	"Foxp3.48h"	0.0291019077730851
"Rhox6.48h"	"Smad4.48h"	0.029069235488556
"Msc.48h"	"Whsc2.48h"	0.0290535074659296
"Tgm2.48h"	"Hesx1.48h"	0.0290456065428007
"Gadd45a.48h"	"Suz12.48h"	0.028985357443066
"Dnmt3b.48h"	"Mettl5.48h"	0.0289616889944439
"Whsc2.48h"	"Tcea3.48h"	0.0289431317445023
"Mbd3.48h"	"Hesx1.48h"	0.0289242756262865
"X4932441K18Rik.48h"	"Cdyl2.48h"	0.0289121939374883
"Klf3.48h"	"Ets1.48h"	0.0288791808063335
"Gata2.48h"	"Zscan4c.48h"	0.0288662173123726
"Dppa5a.48h"	"Sfpi1.48h"	0.0288597201538236
"Dmrt1.48h"	"Gata2.48h"	0.0288269729312504
"Gata2.48h"	"Dlx3.48h"	0.0288221094435343
"Gata2.48h"	"Elf1.48h"	0.0287950799398854
"Nrip1.48h"	"Pdlim1.48h"	0.0287435990096876
"Foxl2.48h"	"Dmrt1.48h"	0.0287048234836275
"Tuba1a.48h"	"Whsc2.48h"	0.0286961419961583
"Nanog.48h"	"Jarid2.48h"	0.0286960930772562
"Eomes.48h"	"Tcfap2c.48h"	0.0286812186752078
"Sfrs6.48h"	"Tcf4.48h"	0.0286696013756474
"Ankrd22.48h"	"X4932441K18Rik.48h"	0.0286208734608879
"Rxra.48h"	"Hoxa9.48h"	0.0285819484756961
"Nsbp1.48h"	"Hesx1.48h"	0.0285807674717311
"Dmrt1.48h"	"Esx1.24.72h.max"	0.0285696637024976
"Id1.48h"	"Suz12.48h"	0.0285110726127952
"Foxl2.48h"	"Ostf1.48h"	0.028496454532204
"Tcf4.48h"	"Ascl2.24.72h.max"	0.028457366170303
"Prickle1.48h"	"Foxp3.48h"	0.0284368923492287
"Etv5.48h"	"Stra13.48h"	0.0284234929663962
"Sap30.48h"	"Jmjd2c.48h"	0.0284098672965785
"Nrip1.48h"	"Ascl1.24.72h.max"	0.0284022481886482
"Hesx1.48h"	"Mbd3.48h"	0.0284008234583578
"Foxl2.48h"	"Esx1.24.72h.max"	0.0283939244372754
"Tcf3.48h"	"Etv1.48h"	0.0283914715453923
"Elf1.48h"	"Cdyl2.48h"	0.0283785318355119
"Nr2f1.48h"	"Sox2.24.72h.max"	0.0283783212864031
"Tcfap2c.48h"	"Elf1.48h"	0.0283662738381
"Tcfap2c.48h"	"Grhl2.48h"	0.0283237937196328
"Eed.48h"	"Tcea3.48h"	0.0282620108649819
"Trpv2.48h"	"Batf3.48h"	0.0282576101958247
"Etv5.48h"	"Rest.48h"	0.0282454078320049
"Etv3.48h"	"Cdyl2.48h"	0.0282363280986849
"Cdx2.24.72h.max"	"Klf4.24.72h.max"	0.028209968051369
"Tgif1.48h"	"Meis2.48h"	0.0282048299062493
"Foxl2.48h"	"Sox9.48h"	0.0282014079123614
"Pou5f1.24.72h.max"	"Tgif1.48h"	0.0281891464132701
"Eed.48h"	"Smad1.48h"	0.028176018640022
"Sap30.48h"	"Nrip1.48h"	0.0281052866986707
"Dmrt1.48h"	"Jun.48h"	0.0280539935100501
"Jarid1a.48h"	"Cdyl.48h"	0.0280456019331251
"Fem1b.48h"	"Mettl5.48h"	0.0280309141576684
"Lass2.48h"	"Tgm2.48h"	0.0280152145848468
"Pou5f1.24.72h.max"	"Dppa5a.48h"	0.0280130261837745
"T.24.72h.max"	"Gbx2.48h"	0.0279646246517447
"Aes.48h"	"Eed.48h"	0.0279483041078994
"Ash2L.48h"	"Hoxa9.48h"	0.0279460067631118
"Pdlim1.48h"	"Gadd45a.48h"	0.0278915055507646
"Nanog.48h"	"Eomes.48h"	0.0278467377479745
"Tcfap2c.48h"	"Zscan4c.48h"	0.0278464227510354
"Ets1.48h"	"Klf3.48h"	0.0277798237446681
"Etv1.48h"	"Otx2.48h"	0.0277744644188015
"Pou5f1.24.72h.max"	"Klf3.48h"	0.0277737828363662
"Smad4.48h"	"Aes.48h"	0.0277501887025168
"Trpv2.48h"	"Nsbp1.48h"	0.027710759290983
"Hsf2bp.48h"	"Fbxo15.48h"	0.0276971108853749
"Smad6.48h"	"Sirt3.48h"	0.0276873651978402
"Fosl2.48h"	"Atf3.48h"	0.0276407539988549
"Dedd2.48h"	"Fhl2.48h"	0.0276260096056764
"Etv5.48h"	"Smad1.48h"	0.0275180496783931
"Msc.48h"	"Tcf4.48h"	0.027455037753203
"Id1.48h"	"Sfpi1.48h"	0.0274450427188596
"Tbx5.48h"	"Meis2.48h"	0.0274253453950788
"Sfrs6.48h"	"Id1.48h"	0.0274073221917579
"Eomes.48h"	"Gata2.48h"	0.0273745442557607
"Foxg1.48h"	"Foxp3.48h"	0.0273315503977065
"Eomes.48h"	"Esx1.24.72h.max"	0.0272895996639275
"Sub1.48h"	"Zfp57.48h"	0.0272577927446981
"Atf3.48h"	"Atxn1.48h"	0.0272403526195007
"Sox7.48h"	"Nr0b1.48h"	0.0272164327300886
"Eomes.48h"	"Cdx2.24.72h.max"	0.027206137307344
"Ctnnb1.48h"	"Zfand3.48h"	0.0271792733121085
"Pdlim1.48h"	"Tcfcp2l1.48h"	0.0271492396790901
"Pou5f1.24.72h.max"	"Aes.48h"	0.0270969088786793
"Tbx5.48h"	"Hoxa9.48h"	0.0269931799008422
"Elf5.48h"	"Tbx5.48h"	0.026991666071117
"Mybl2.48h"	"Nr0b1.48h"	0.0269748012688989
"Smad4.48h"	"Suz12.48h"	0.0269591584857364
"Suz12.48h"	"Fem1b.48h"	0.0269473066253846
"Dppa3.48h"	"Meis2.48h"	0.0269048601602725
"Pou5f1.24.72h.max"	"Six1.48h"	0.0268973371111579
"Tcf3.48h"	"Gata2.48h"	0.0268474066693109
"Pdlim1.48h"	"Nrip1.48h"	0.0268239066766925
"Nsbp1.48h"	"Trpv2.48h"	0.0268208751261244
"Tcea3.48h"	"Whsc2.48h"	0.026806590291572
"Cbx8.48h"	"Ctnnb1.48h"	0.026803120721501
"Gata2.48h"	"Foxl2.48h"	0.0267845820032576
"Mbd3.48h"	"Ugp2.48h"	0.0267788931010456
"Gata2.48h"	"Dmrt1.48h"	0.0267529562037642
"Dlx3.48h"	"Nanog.48h"	0.0267398818500402
"Smad4.48h"	"Fhl2.48h"	0.0267397584514147
"Klf4.24.72h.max"	"Inppl1.48h"	0.0267308946817839
"Sox9.48h"	"Ostf1.48h"	0.0266797392261075
"Mybl2.48h"	"X4932441K18Rik.48h"	0.0266230817075201
"Cdyl.48h"	"Nupr1.48h"	0.0266021011172544
"Jarid2.48h"	"Suz12.48h"	0.0265997562929481
"Whsc2.48h"	"Mycn.48h"	0.0265898922927952
"Lass2.48h"	"Lhx2.48h"	0.0265652309215546
"Stat3.48h"	"Tcea3.48h"	0.0265538697305774
"Pou5f1.24.72h.max"	"Tcfcp2l1.48h"	0.026538118201768
"Myc.24.72h.max"	"Whsc2.48h"	0.026501889056751
"Sap30.48h"	"Meis2.48h"	0.0264241389238836
"Fosl2.48h"	"Jun.48h"	0.0264213767779635
"Zfand3.48h"	"Tcea3.48h"	0.0263869293677511
"T.24.72h.max"	"Ascl2.24.72h.max"	0.0263728025172207
"Nr5a2.48h"	"Atf3.48h"	0.0263675113680558
"Etv5.48h"	"Stat3.48h"	0.0263621348250086
"Etv3.48h"	"Ctnnb1.48h"	0.0263346133447596
"Eomes.48h"	"Hoxa9.48h"	0.0263067725892111
"Mbd3.48h"	"Etv1.48h"	0.0263061567569785
"T.24.72h.max"	"Dlx3.48h"	0.026247539728629
"X4932441K18Rik.48h"	"Rest.48h"	0.026236499923256
"Inppl1.48h"	"Tgm2.48h"	0.0262299977459657
"Ascl2.24.72h.max"	"Six1.48h"	0.0262297098421765
"Ctnnb1.48h"	"Rest.48h"	0.0262220490135804
"Nr2f2.48h"	"Zscan4c.48h"	0.0262159640499185
"Ctnnb1.48h"	"Pou5f1.24.72h.max"	0.0262154935411568
"Sfrs6.48h"	"Sox7.48h"	0.0262138620374996
"Sox2.24.72h.max"	"Klf3.48h"	0.0261960424652134
"Ell2.48h"	"Sox15.48h"	0.0261861170980809
"Inppl1.48h"	"Gata2.48h"	0.0261521538973106
"Dnmt3b.48h"	"Jarid2.48h"	0.0261396070697429
"Jun.48h"	"Gata2.48h"	0.0261241794859412
"Atf3.48h"	"Msc.48h"	0.0261049538936326
"Tuba1a.48h"	"Mettl5.48h"	0.0260696520035821
"Cdyl2.48h"	"Meis2.48h"	0.0260573995843233
"Dppa5a.48h"	"Zfand3.48h"	0.0260447457898791
"Grhl2.48h"	"Myc.24.72h.max"	0.0260208423980115
"Prickle1.48h"	"Ctbp2.48h"	0.0260177868181816
"Ctbp2.48h"	"Nanog.48h"	0.0260056515063073
"Jun.48h"	"Sox9.48h"	0.0259525111866863
"Tbx3.48h"	"Ctnnb1.48h"	0.0259270871790718
"Ash2L.48h"	"Fbxo15.48h"	0.0259015107654335
"Suz12.48h"	"Smad4.48h"	0.0259013564699384
"Hoxa2.48h"	"Ets1.48h"	0.0258479400711676
"Mettl5.48h"	"Tbx3.48h"	0.0258446352899702
"MyoD1.48h"	"Aff1.48h"	0.0257862881921905
"Fem1b.48h"	"Eed.48h"	0.0257611604735507
"X4932441K18Rik.48h"	"Ankrd22.48h"	0.0257532862169717
"Zfp57.48h"	"Tgif1.48h"	0.025751173323276
"Tgif1.48h"	"Sfrs6.48h"	0.0257098564454
"Tuba1a.48h"	"Smad4.48h"	0.0257061219740599
"Cdx2.24.72h.max"	"Jun.48h"	0.0256970302469542
"Gata2.48h"	"Jun.48h"	0.0256725579040263
"Pou5f1.24.72h.max"	"Sall4.48h"	0.0256247036823094
"Foxj2.48h"	"Dppa3.48h"	0.0256241021067114
"Id1.48h"	"Smad4.48h"	0.0255777806895234
"Gbx2.48h"	"Fhl2.48h"	0.0255167155119807
"Zfand3.48h"	"Eed.48h"	0.0255001680430641
"Ctbp2.48h"	"Aes.48h"	0.0254572747232329
"Foxc1.48h"	"Otx2.48h"	0.0254526337031972
"Esx1.24.72h.max"	"Cdx2.24.72h.max"	0.0254488975045633
"Esx1.24.72h.max"	"Sox9.48h"	0.0254421205549187
"Smad1.48h"	"Stat3.48h"	0.0254169403865431
"Jarid2.48h"	"Smad4.48h"	0.025411366609861
"Nanog.48h"	"Sall4.48h"	0.0254076309526869
"Nrip1.48h"	"Klf3.48h"	0.0253382194539063
"Fem1b.48h"	"Jmjd2c.48h"	0.0253259120784813
"Zic1.48h"	"Fgfbp1.48h"	0.0253228916705692
"Eomes.48h"	"Tbx5.48h"	0.0252947393838758
"Cdyl2.48h"	"Jmjd2c.48h"	0.0252716306165991
"Stat3.48h"	"Etv5.48h"	0.0252431226579214
"Ash2L.48h"	"Fem1b.48h"	0.025237464566801
"Stat3.48h"	"Id1.48h"	0.0252266805712602
"Meis2.48h"	"Cdyl2.48h"	0.0251985089450259
"Aes.48h"	"Stat3.48h"	0.0251979454267608
"Hoxa9.48h"	"Tbx5.48h"	0.0251366330507612
"Tcf3.48h"	"Dedd2.48h"	0.0251298546911477
"X4932441K18Rik.48h"	"Dppa3.48h"	0.0251281881401968
"Mbd3.48h"	"Trpv2.48h"	0.0251195372113529
"Rhox6.48h"	"Dppa3.48h"	0.0250900077091416
"T.24.72h.max"	"Bcl6.48h"	0.0250780366084
"Aff1.48h"	"Hmga2.48h"	0.0250777939148247
"Id1.48h"	"Tgif1.48h"	0.0250614479166079
"Rest.48h"	"Foxp3.48h"	0.0250454887603152
"Jarid2.48h"	"Nanog.48h"	0.0250442481420017
"Pou5f1.24.72h.max"	"Suz12.48h"	0.0250414874488449
"Sfrs6.48h"	"Tgif1.48h"	0.0250365936807251
"Ascl2.24.72h.max"	"Id3.48h"	0.0250316049018724
"Elf1.48h"	"Grhl2.48h"	0.025020695961021
"Elf1.48h"	"Zscan4c.48h"	0.0250095511921987
"Cdx2.24.72h.max"	"Esx1.24.72h.max"	0.0250086386580125
"Whsc2.48h"	"Suz12.48h"	0.024995273095087
"Mycn.48h"	"Lhx2.48h"	0.0249747125526541
"Tcea3.48h"	"Stat3.48h"	0.0249359825782859
"Zmat4.48h"	"Dppa3.48h"	0.0249348867672356
"Fbxo15.48h"	"Hsf2bp.48h"	0.0249325786288472
"Id1.48h"	"Rhox6.48h"	0.0249177995246663
"Suz12.48h"	"Rhox6.48h"	0.0248880829812242
"Eed.48h"	"Fem1b.48h"	0.02488117578414
"Jun.48h"	"Eomes.48h"	0.0248481867447102
"Sap30.48h"	"Nr0b1.48h"	0.02482608951413
"Aes.48h"	"X4932441K18Rik.48h"	0.0248105933466773
"Cbx8.48h"	"Sirt3.48h"	0.0248071594851928
"Aes.48h"	"Tuba1a.48h"	0.0247955669834419
"Sirt3.48h"	"Zic1.48h"	0.0247947841171258
"Nr0b1.48h"	"Sox2.24.72h.max"	0.0247903584464912
"Foxg1.48h"	"Zmat4.48h"	0.024786060876102
"Whsc2.48h"	"Foxj2.48h"	0.0247605669404624
"Id3.48h"	"X4932441K18Rik.48h"	0.0247556676148743
"Ctbp2.48h"	"Tbx5.48h"	0.0247476218831354
"Ctbp2.48h"	"Fem1b.48h"	0.0247345145214105
"Nrip1.48h"	"Dmrt1.48h"	0.0247209978799775
"Pou5f1.24.72h.max"	"Sox7.48h"	0.0247028745519586
"Gata3.24.72h.max"	"Tcfap2c.48h"	0.0246993737438577
"Cdx2.24.72h.max"	"Gata2.48h"	0.0246701880857784
"Sox2.24.72h.max"	"Atxn1.48h"	0.0246548032190432
"Hoxa9.48h"	"Six1.48h"	0.0246090811065823
"Atf3.48h"	"Tbx3.48h"	0.0246032331039161
"Aes.48h"	"Atf3.48h"	0.0245102815198203
"Klf4.24.72h.max"	"Foxp3.48h"	0.024507035032274
"Otx2.48h"	"Jun.48h"	0.0245028245147836
"Tgif1.48h"	"Mbd3.48h"	0.0244900449331811
"Rest.48h"	"Zfp57.48h"	0.0244476678277221
"Dnmt3b.48h"	"Zfand3.48h"	0.0244343533865507
"Nr2f2.48h"	"Sall4.48h"	0.0244309545015137
"Dmrt1.48h"	"Nrip1.48h"	0.0243996007733998
"Nkx2.5.48h"	"Jun.48h"	0.0243844103176908
"Bcl6.48h"	"T.24.72h.max"	0.0243483777262051
"Etv1.48h"	"Pdlim1.48h"	0.0243414392410468
"Tgif1.48h"	"Id3.48h"	0.0243378100929101
"Ctbp2.48h"	"Stat3.48h"	0.0243258159364303
"Smad6.48h"	"Sox11.48h"	0.024268981454513
"Sap30.48h"	"Tgif1.48h"	0.0242587705535632
"Sap30.48h"	"Foxg1.48h"	0.0242351290277206
"Inppl1.48h"	"Aff1.48h"	0.0242205704667386
"Cdyl.48h"	"Dppa3.48h"	0.0241674120463863
"Cdyl2.48h"	"Sap30.48h"	0.0241419636124886
"Klf4.24.72h.max"	"Gbx2.48h"	0.0241384083278614
"Dlx3.48h"	"Gata2.48h"	0.0241374578359479
"Sox11.48h"	"Ctbp2.48h"	0.0241274005661149
"Atf3.48h"	"Dnmt3b.48h"	0.0241231970790495
"Tgif1.48h"	"Mef2c.48h"	0.0241104467669447
"Sox9.48h"	"Ets1.48h"	0.0240933489441905
"Prickle1.48h"	"Dmrt1.48h"	0.0240921013303896
"Foxp3.48h"	"Gbx2.48h"	0.0240777489337174
"Lhx2.48h"	"Mycn.48h"	0.0240610028537482
"Cdx2.24.72h.max"	"Jarid2.48h"	0.0240530554048902
"Klf4.24.72h.max"	"Cdx2.24.72h.max"	0.0240481216866378
"Jun.48h"	"Nrip1.48h"	0.0240448673932143
"Smad4.48h"	"Tgm2.48h"	0.0240447454016509
"Gata3.24.72h.max"	"Aff1.48h"	0.0240369643746703
"Jun.48h"	"Sub1.48h"	0.0240288367807708
"Ascl1.24.72h.max"	"Foxl2.48h"	0.0240207547002781
"Jun.48h"	"Etv1.48h"	0.0240044503506285
"Eed.48h"	"Sfpi1.48h"	0.0239929676476379
"Dnmt3b.48h"	"Stat3.48h"	0.0239861260812203
"Foxl2.48h"	"Ascl1.24.72h.max"	0.0239805671738851
"Tcf3.48h"	"Prickle1.48h"	0.0239511381671096
"Cdyl.48h"	"Trpv2.48h"	0.0239351289244659
"Eed.48h"	"Zfand3.48h"	0.0239114445066687
"Jarid1a.48h"	"Hnf4a.48h"	0.0239017981454821
"Pou5f1.24.72h.max"	"Ctnnb1.48h"	0.023901188930187
"Ets1.48h"	"Sox11.48h"	0.0238982947976313
"Dedd2.48h"	"Zmat4.48h"	0.0238445834758971
"X4932441K18Rik.48h"	"Meis2.48h"	0.023827808491891
"Otx1.48h"	"Otx2.48h"	0.0238263659344015
"Mbd3.48h"	"Tcl1.48h"	0.0238221586444569
"Foxl2.48h"	"Nkx2.5.48h"	0.0238086277466362
"Foxc1.48h"	"Jun.48h"	0.0237876465133608
"Id1.48h"	"Dppa5a.48h"	0.023783482514472
"Fem1b.48h"	"Ash2L.48h"	0.0237822789840258
"Tcf3.48h"	"Lass2.48h"	0.0237511847844281
"Smad4.48h"	"Rest.48h"	0.0237506722382816
"Eed.48h"	"Dnmt3b.48h"	0.0237418811951764
"Gata3.24.72h.max"	"Myc.24.72h.max"	0.0237360505286988
"Gbx2.48h"	"Nsbp1.48h"	0.0237264403040361
"Tcf3.48h"	"Klf3.48h"	0.0237217280124633
"Rest.48h"	"Prickle1.48h"	0.0237068758067611
"Sub1.48h"	"Irf2.48h"	0.0237033547351519
"Dppa5a.48h"	"Mettl5.48h"	0.0236986242043538
"Mbd3.48h"	"Tgif1.48h"	0.0236655688937587
"Rxra.48h"	"Six1.48h"	0.0236654216507859
"Tgif1.48h"	"Sap30.48h"	0.0236564581210554
"Inppl1.48h"	"Arnt2.48h"	0.0236251562509071
"Batf3.48h"	"Stra13.48h"	0.0236210310008118
"Rhox6.48h"	"Suz12.48h"	0.0236001477722917
"Hoxa9.48h"	"Mkrn1.48h"	0.023584555467441
"Nrip1.48h"	"Esx1.24.72h.max"	0.0235636775787149
"Fhl2.48h"	"Foxp3.48h"	0.0235597982720366
"Nanog.48h"	"Hoxa9.48h"	0.0234776096386585
"Dppa5a.48h"	"Pou5f1.24.72h.max"	0.023465239550325
"Tuba1a.48h"	"Id1.48h"	0.0234224930164959
"Rest.48h"	"Etv5.48h"	0.0233805996181794
"Rxra.48h"	"Tcfap2c.48h"	0.0233688143251952
"Sox9.48h"	"Jun.48h"	0.0233406363205952
"T.24.72h.max"	"Sox2.24.72h.max"	0.0233388463426382
"Gata3.24.72h.max"	"Otx1.48h"	0.0233317775597658
"Nanog.48h"	"Dlx3.48h"	0.0233228477792592
"Gadd45a.48h"	"Otx1.48h"	0.0233223538056435
"Dmrt1.48h"	"Foxc1.48h"	0.0233076617970989
"Nr2f1.48h"	"Bcl6.48h"	0.0233000719520698
"Prickle1.48h"	"Foxl2.48h"	0.0232975251335015
"Foxl2.48h"	"Gbx2.48h"	0.02328896143444
"Prickle1.48h"	"Ets1.48h"	0.0232877552859118
"Batf3.48h"	"Cbx8.48h"	0.02328017988506
"Rhox6.48h"	"Jmjd2c.48h"	0.0232708783620004
"Eomes.48h"	"Nanog.48h"	0.0232475202601549
"Suz12.48h"	"Id1.48h"	0.0232066128072564
"Tuba1a.48h"	"Zfand3.48h"	0.0232028958732593
"Esx1.24.72h.max"	"Gata3.24.72h.max"	0.0231986559904858
"Esx1.24.72h.max"	"Jun.48h"	0.0231911534791852
"Gadd45a.48h"	"Fhl2.48h"	0.0231745028627809
"Sirt3.48h"	"Sox11.48h"	0.0231701064463761
"Hmga2.48h"	"Aff1.48h"	0.0231053706260881
"Nupr1.48h"	"Mybl2.48h"	0.0230530433341702
"Nkx2.5.48h"	"Eomes.48h"	0.0230326689447794
"Dlx3.48h"	"Aff1.48h"	0.0230146128575872
"Dnmt3b.48h"	"Eed.48h"	0.0229912399846045
"Dedd2.48h"	"Dppa3.48h"	0.0229840592145217
"Six1.48h"	"Dppa3.48h"	0.0229815007964292
"Otx2.48h"	"Nrip1.48h"	0.0229769475579144
"Jarid1a.48h"	"Arnt2.48h"	0.022969697777233
"Eomes.48h"	"Nr2f2.48h"	0.0229665090400343
"Ascl1.24.72h.max"	"Sox9.48h"	0.0229574703966323
"Klf3.48h"	"Gadd45a.48h"	0.0229546136011528
"Prickle1.48h"	"Sox9.48h"	0.0229455738051649
"Cbx8.48h"	"Batf3.48h"	0.022945500665996
"Nupr1.48h"	"Whsc2.48h"	0.0229450797659444
"Sap30.48h"	"Rxra.48h"	0.0229080761987984
"Otx2.48h"	"Foxc1.48h"	0.0228907650769847
"Tcf3.48h"	"Ets1.48h"	0.0228242284426202
"Ankrd22.48h"	"Nsbp1.48h"	0.0228209663811964
"Ets1.48h"	"Sox9.48h"	0.0227835919414134
"Aes.48h"	"Tgm2.48h"	0.0227779032963506
"Ascl2.24.72h.max"	"Msc.48h"	0.022775520728219
"Pou5f1.24.72h.max"	"Mef2c.48h"	0.0227543794800223
"Pou5f1.24.72h.max"	"Tbx5.48h"	0.0227430800259324
"Ctbp2.48h"	"Dnmt3b.48h"	0.0227230169477023
"Klf9.48h"	"Irf2.48h"	0.0227122436289516
"Zmat4.48h"	"Foxa1.48h"	0.0227119307642605
"Stat3.48h"	"Cbx8.48h"	0.0227018534299069
"Mybl2.48h"	"Sirt3.48h"	0.0226958907744786
"Jun.48h"	"Hnf4a.48h"	0.0226854658667638
"Ostf1.48h"	"Tgm2.48h"	0.0226696560172364
"Sap30.48h"	"Ugp2.48h"	0.022648585466964
"Fhl2.48h"	"Sfrs6.48h"	0.022631463133778
"Ugp2.48h"	"Aes.48h"	0.0226142831686115
"Sap30.48h"	"Hoxa2.48h"	0.0226000353394046
"Elf1.48h"	"Gata3.24.72h.max"	0.0225824804369204
"Tcfcp2l1.48h"	"Hoxa9.48h"	0.0225784047914551
"Jarid1a.48h"	"Foxn3.48h"	0.0225554907823957
"Jmjd2c.48h"	"Atf3.48h"	0.0225544189865586
"MyoD1.48h"	"Msc.48h"	0.0225390400847147
"Eomes.48h"	"MyoD1.48h"	0.0225304690991868
"Tcfcp2l1.48h"	"Hesx1.48h"	0.0225175087342273
"Aes.48h"	"Trpv2.48h"	0.0225102972163475
"Gata3.24.72h.max"	"Esx1.24.72h.max"	0.0225029869684918
"Ugp2.48h"	"Sap30.48h"	0.022494847319022
"Smad1.48h"	"Gadd45a.48h"	0.0224926722053235
"Dnmt3b.48h"	"Whsc2.48h"	0.0224838134244561
"Ascl1.24.72h.max"	"Id3.48h"	0.0224706917821005
"Mef2c.48h"	"Hesx1.48h"	0.022451246476858
"Tcfap2c.48h"	"MyoD1.48h"	0.022434295507816
"Foxl2.48h"	"Prickle1.48h"	0.0224072065416096
"Cdyl2.48h"	"Etv3.48h"	0.0223743119516228
"Aes.48h"	"Suz12.48h"	0.0223709685964902
"Stra13.48h"	"Sirt3.48h"	0.0223407926963842
"Ugp2.48h"	"Sall4.48h"	0.022336446678423
"Tgm2.48h"	"Prickle1.48h"	0.0223158701490262
"Cdyl.48h"	"Mettl5.48h"	0.0222952683913468
"Ctbp2.48h"	"Tgif1.48h"	0.0222784553986569
"Tbx5.48h"	"Elf5.48h"	0.0222729677206364
"Sirt3.48h"	"Mybl2.48h"	0.0222613290438969
"Smad4.48h"	"Eed.48h"	0.0222563811453505
"Dppa5a.48h"	"Sall4.48h"	0.0222553072414861
"Mycn.48h"	"Tcl1.48h"	0.0222222302315752
"Tbx5.48h"	"Six1.48h"	0.0222065526341767
"Jun.48h"	"Otx2.48h"	0.0222021120856995
"Tbx3.48h"	"Whsc2.48h"	0.0221642233897257
"Eomes.48h"	"Aff1.48h"	0.0221553679886796
"Etv1.48h"	"Nkx2.5.48h"	0.0221499993708194
"Nkx2.5.48h"	"T.24.72h.max"	0.0221392658388213
"Otx2.48h"	"Otx1.48h"	0.0221380648913881
"Stat3.48h"	"Eed.48h"	0.0221118004679959
"Tgif1.48h"	"Id1.48h"	0.0220939190511858
"Ascl2.24.72h.max"	"Otx1.48h"	0.0220894526331394
"Jarid2.48h"	"Cdx2.24.72h.max"	0.022085530946741
"Tcfcp2l1.48h"	"Sox11.48h"	0.0220842707239817
"Id3.48h"	"Sfrs6.48h"	0.0220484927588599
"Arnt2.48h"	"Fbxo15.48h"	0.0220102592707626
"Otx2.48h"	"Etv1.48h"	0.022000330773178
"Jarid1a.48h"	"Ugp2.48h"	0.0219985405784715
"Nr0b1.48h"	"Tbx3.48h"	0.0219889294240854
"Gata2.48h"	"Tcfap2c.48h"	0.0219719637230859
"Hoxa2.48h"	"Ugp2.48h"	0.0219619383248988
"Eomes.48h"	"Myc.24.72h.max"	0.0219364476809356
"Aes.48h"	"Ell2.48h"	0.0219227760859077
"Eomes.48h"	"Gata3.24.72h.max"	0.0219202511049496
"Sox11.48h"	"Ets1.48h"	0.0219051362054736
"Sfrs6.48h"	"Fhl2.48h"	0.0219042249066065
"Aff1.48h"	"Inppl1.48h"	0.021903846099506
"Atf3.48h"	"Jmjd2c.48h"	0.0219021223488145
"Sox9.48h"	"Prickle1.48h"	0.021894234748144
"Tcfcp2l1.48h"	"Nrip1.48h"	0.0218936919040588
"Cdx2.24.72h.max"	"Sox9.48h"	0.0218799436553743
"Smad7.48h"	"Sox2.24.72h.max"	0.0218767095723123
"Bcl6.48h"	"Ankrd22.48h"	0.0218448107536226
"Sub1.48h"	"Jarid1a.48h"	0.0218148276415584
"Jun.48h"	"Dmrt1.48h"	0.0217916496074125
"Myc.24.72h.max"	"Lhx2.48h"	0.0217712437782112
"Ascl2.24.72h.max"	"T.24.72h.max"	0.0217699017164953
"Foxl2.48h"	"Cdx2.24.72h.max"	0.0217615639062028
"Fhl2.48h"	"Gbx2.48h"	0.0217580635080047
"Lhx2.48h"	"Lass2.48h"	0.0217427932853861
"Zfp57.48h"	"Fbxo15.48h"	0.0217282784457251
"Hesx1.48h"	"Zic1.48h"	0.021727441645485
"Tgm2.48h"	"Smad4.48h"	0.021710597901981
"Tcfap2c.48h"	"Hoxa9.48h"	0.0216911088439793
"Ankrd22.48h"	"Rest.48h"	0.0216573473298791
"Sub1.48h"	"Mef2c.48h"	0.0216207384002734
"Pou5f1.24.72h.max"	"Sfrs6.48h"	0.0216127917141267
"Foxj2.48h"	"Tuba1a.48h"	0.0216103528035757
"Tcf3.48h"	"Ostf1.48h"	0.0216090734685498
"Smad4.48h"	"Klf4.24.72h.max"	0.0215904655978102
"MyoD1.48h"	"Tcfap2c.48h"	0.021551456500159
"Mybl2.48h"	"Tbx3.48h"	0.0215366526047879
"Etv5.48h"	"Dnmt3b.48h"	0.0215322206600934
"Mycn.48h"	"Nr2f2.48h"	0.0215165846937057
"Rhox6.48h"	"Mettl5.48h"	0.0215054176053786
"Ash2L.48h"	"Cbx8.48h"	0.0215049570228581
"Myc.24.72h.max"	"Foxj2.48h"	0.0214949789400774
"Eed.48h"	"Atf3.48h"	0.021493424561449
"Nr0b1.48h"	"Sox7.48h"	0.0214901807133063
"Foxl2.48h"	"Sub1.48h"	0.0214745366934548
"Ostf1.48h"	"Foxn3.48h"	0.0214670356641696
"Sall4.48h"	"Ugp2.48h"	0.0214663009096133
"Suz12.48h"	"Dppa5a.48h"	0.0214312213524221
"Ascl1.24.72h.max"	"Tcf3.48h"	0.0214112782783145
"Tuba1a.48h"	"Sox11.48h"	0.0213716254290977
"Arnt2.48h"	"Inppl1.48h"	0.0213707762861287
"Mycn.48h"	"Mettl5.48h"	0.0213679178521551
"Zfp57.48h"	"Aff1.48h"	0.0213649864604178
"Tcfap2c.48h"	"Eomes.48h"	0.0213612295053057
"Cdyl2.48h"	"Hesx1.48h"	0.0213608248829936
"Etv3.48h"	"Sox2.24.72h.max"	0.0213436091242911
"Tuba1a.48h"	"Eed.48h"	0.0213412169664695
"Esx1.24.72h.max"	"T.24.72h.max"	0.0213405209523454
"Jarid2.48h"	"Dnmt3b.48h"	0.0213026340455101
"Nrip1.48h"	"Sfrs6.48h"	0.0212703918365481
"Ascl2.24.72h.max"	"Nr2f1.48h"	0.0212652565269211
"Gbx2.48h"	"Klf4.24.72h.max"	0.0212506199676733
"Esx1.24.72h.max"	"Hnf4a.48h"	0.0212414498355764
"Klf4.24.72h.max"	"Gata3.24.72h.max"	0.0212256349595337
"Pou5f1.24.72h.max"	"Smad1.48h"	0.0212175460884572
"Prickle1.48h"	"Foxg1.48h"	0.021215193702671
"Tgm2.48h"	"Jarid1a.48h"	0.0212146513933808
"Ctnnb1.48h"	"Etv5.48h"	0.0212091582917143
"Mybl2.48h"	"Stra13.48h"	0.0211996849774598
"Dlx3.48h"	"Cdx2.24.72h.max"	0.0211981927590036
"Ctbp2.48h"	"Zfand3.48h"	0.0211935989112675
"Foxp3.48h"	"T.24.72h.max"	0.0211912296250661
"Atf3.48h"	"Dppa5a.48h"	0.0211719704081516
"Foxl2.48h"	"Foxp3.48h"	0.0211646406622116
"Foxg1.48h"	"Hesx1.48h"	0.0211478771010935
"Mettl5.48h"	"Tcl1.48h"	0.0211428408110854
"Mybl2.48h"	"Sox2.24.72h.max"	0.021141640394606
"Tbx5.48h"	"Etv3.48h"	0.0211367113573995
"Sox11.48h"	"Zscan4c.48h"	0.0211282624310502
"Klf4.24.72h.max"	"Dlx3.48h"	0.0211233117266652
"Id1.48h"	"Pou5f1.24.72h.max"	0.021112377683186
"Etv3.48h"	"Dnmt3b.48h"	0.0211098523400782
"Dnmt3b.48h"	"Aes.48h"	0.0211002322941298
"Etv5.48h"	"Atf3.48h"	0.0210926583715364
"Mettl5.48h"	"Atf3.48h"	0.0210871488513632
"Nkx2.5.48h"	"Ascl2.24.72h.max"	0.0210820513362008
"Cbx8.48h"	"Smad1.48h"	0.0210769627089649
"Nr2f1.48h"	"Dedd2.48h"	0.0210273105034168
"Zscan4c.48h"	"Tcfap2c.48h"	0.021018676169463
"Foxc1.48h"	"Nkx2.5.48h"	0.0210071684715317
"Ostf1.48h"	"Smad1.48h"	0.020999853366633
"Jun.48h"	"Foxc1.48h"	0.0209906451680201
"Lhx2.48h"	"Dlx3.48h"	0.0209855615461357
"Tgif1.48h"	"Zfp57.48h"	0.0209775602846968
"Ascl2.24.72h.max"	"Gbx2.48h"	0.0209603699854091
"Fbxo15.48h"	"Mkrn1.48h"	0.0209547615335978
"Dlx3.48h"	"Nr2f1.48h"	0.0209536011046225
"Nanog.48h"	"Cdx2.24.72h.max"	0.0209512899531951
"Grhl2.48h"	"Nr5a2.48h"	0.020948580535861
"Zic1.48h"	"Sox7.48h"	0.0209288816389819
"Ugp2.48h"	"Jarid1a.48h"	0.0209260594195457
"Etv3.48h"	"Fem1b.48h"	0.0209186005678733
"Eed.48h"	"Suz12.48h"	0.020911230513783
"Etv5.48h"	"Pou5f1.24.72h.max"	0.020892826596512
"Foxc1.48h"	"Dedd2.48h"	0.0208871759582414
"Arnt2.48h"	"Stra13.48h"	0.0208798342031814
"Jmjd2c.48h"	"Fem1b.48h"	0.0208731644986705
"Hsf2bp.48h"	"Nupr1.48h"	0.0208498909337917
"Fbxo15.48h"	"Grhl2.48h"	0.0208426470084164
"Tcea3.48h"	"Zfand3.48h"	0.0208246743646797
"Etv5.48h"	"Batf3.48h"	0.0208169156424751
"Hoxa9.48h"	"Ash2L.48h"	0.0207884915941875
"Smad6.48h"	"Prickle1.48h"	0.0207791293708859
"T.24.72h.max"	"Foxp3.48h"	0.0207743035301163
"Stra13.48h"	"Ascl1.24.72h.max"	0.0207734695554214
"Ostf1.48h"	"Mkrn1.48h"	0.0207655862943245
"Tuba1a.48h"	"Foxj2.48h"	0.0207601701404865
"MyoD1.48h"	"Grhl2.48h"	0.020743008810009
"Pou5f1.24.72h.max"	"Ets1.48h"	0.020720295899071
"Sub1.48h"	"X4932441K18Rik.48h"	0.0207179539798051
"X4932441K18Rik.48h"	"Tgif1.48h"	0.0206913422215304
"Cdx2.24.72h.max"	"Dlx3.48h"	0.0206858608355295
"Otx1.48h"	"Gadd45a.48h"	0.02067596079842
"Foxp3.48h"	"Tgm2.48h"	0.0206711789086253
"Dedd2.48h"	"Zfand3.48h"	0.020665989259576
"Sfrs6.48h"	"Zic1.48h"	0.0206642213968775
"Trpv2.48h"	"Irf2.48h"	0.0206588793140138
"Myc.24.72h.max"	"Bcl6.48h"	0.0206412249257184
"Smad1.48h"	"Tcea3.48h"	0.020637731424937
"Prickle1.48h"	"Ankrd22.48h"	0.0206342569534651
"Rest.48h"	"X4932441K18Rik.48h"	0.0206337260301218
"Ankrd22.48h"	"Arnt2.48h"	0.0206304554216542
"Gadd45a.48h"	"Klf3.48h"	0.0206277598361563
"Nrip1.48h"	"Ets1.48h"	0.020578742598821
"Pou5f1.24.72h.max"	"Otx2.48h"	0.0205549673665099
"Grhl2.48h"	"Gata2.48h"	0.0205393585905383
"Mettl5.48h"	"Dppa3.48h"	0.0205389017953054
"Sox7.48h"	"Zic1.48h"	0.0205169509669765
"Hsf2bp.48h"	"Foxa1.48h"	0.0205139129386813
"Dmrt1.48h"	"Arnt2.48h"	0.0205070215194642
"Elf1.48h"	"Rhox6.48h"	0.0204959584035216
"Pdlim1.48h"	"Tcl1.48h"	0.0204873196218725
"Etv5.48h"	"Tcea3.48h"	0.0204515256045759
"Fbxo15.48h"	"Nupr1.48h"	0.0204383075760919
"Tgm2.48h"	"Fosl2.48h"	0.020428553707722
"Tcfcp2l1.48h"	"Fgfbp1.48h"	0.0204168475118456
"Mbd3.48h"	"Jmjd2c.48h"	0.0204059434194025
"Gata2.48h"	"Eomes.48h"	0.0203960225213334
"Whsc2.48h"	"Fem1b.48h"	0.0203949774860082
"Hoxa9.48h"	"Meis2.48h"	0.0203400263382287
"T.24.72h.max"	"Otx1.48h"	0.0203396136674636
"Mettl5.48h"	"Dppa5a.48h"	0.0203394717762791
"Mycn.48h"	"Nanog.48h"	0.0203380664298881
"Sox7.48h"	"Stra13.48h"	0.0203325676969784
"Sox11.48h"	"Tcfcp2l1.48h"	0.0203130074398982
"Fem1b.48h"	"Lass2.48h"	0.0203116527331511
"Six1.48h"	"Tbx5.48h"	0.0202692850758803
"Whsc2.48h"	"Mettl5.48h"	0.0202665023366827
"Ets1.48h"	"Hoxa2.48h"	0.020264843377235
"Gata3.24.72h.max"	"Foxp3.48h"	0.0202648289893725
"Sub1.48h"	"Tgm2.48h"	0.0202625220014523
"Ostf1.48h"	"Sox15.48h"	0.0202566316704452
"Gata3.24.72h.max"	"Nkx2.5.48h"	0.0202468274262371
"Aes.48h"	"Dnmt3b.48h"	0.0202409134141743
"Ascl2.24.72h.max"	"Grhl2.48h"	0.0202400534628951
"Jarid1a.48h"	"Hmga2.48h"	0.0202099954200707
"Sirt3.48h"	"Ankrd22.48h"	0.0202031695773163
"Mbd3.48h"	"Atxn1.48h"	0.0201786475139737
"Cdyl2.48h"	"Hoxa2.48h"	0.0201658747351796
"Etv3.48h"	"Tbx5.48h"	0.0201297279951896
"Inppl1.48h"	"Foxn3.48h"	0.0201067660183723
"Elf5.48h"	"Zic1.48h"	0.0201045848395418
"Ostf1.48h"	"Stra13.48h"	0.0200912365937496
"Tcfcp2l1.48h"	"Ash2L.48h"	0.020089307505164
"Aes.48h"	"Id1.48h"	0.0200778971037131
"Smad7.48h"	"Tcf4.48h"	0.0200720833713315
"Gata3.24.72h.max"	"Foxl2.48h"	0.0200571540725625
"Ash2L.48h"	"Otx1.48h"	0.0200387097636211
"Lass2.48h"	"Rxra.48h"	0.0199963116510095
"Cdx2.24.72h.max"	"Rhox6.48h"	0.0199960203504875
"Dlx3.48h"	"Sox2.24.72h.max"	0.0199891874535983
"Pou5f1.24.72h.max"	"Zfand3.48h"	0.0199750981606994
"Mbd3.48h"	"Elf5.48h"	0.0199739308793149
"Tgm2.48h"	"Klf4.24.72h.max"	0.0199618939864576
"Esx1.24.72h.max"	"Prickle1.48h"	0.0199531808505003
"Nsbp1.48h"	"Zmat4.48h"	0.0199426254522357
"Tcfcp2l1.48h"	"Sfrs6.48h"	0.0199122326668747
"Cdx2.24.72h.max"	"Suz12.48h"	0.0198976292665432
"Tcf4.48h"	"Foxc1.48h"	0.0198824783422744
"Gata3.24.72h.max"	"MyoD1.48h"	0.0198740016740994
"Stat3.48h"	"Aes.48h"	0.0198532292143191
"Foxg1.48h"	"Foxa1.48h"	0.019851015454369
"Ugp2.48h"	"Mbd3.48h"	0.0198383321027193
"Stat3.48h"	"Sirt3.48h"	0.0198215966263309
"Gadd45a.48h"	"Ankrd22.48h"	0.0198211321988996
"Gbx2.48h"	"Ascl2.24.72h.max"	0.0198082511047513
"Sox7.48h"	"Tcfcp2l1.48h"	0.019807448411261
"Nrip1.48h"	"Ankrd22.48h"	0.0198031192352537
"Lass2.48h"	"Fhl2.48h"	0.0197987054920531
"Stat3.48h"	"Jarid1a.48h"	0.0197813362522108
"Lhx2.48h"	"Gata3.24.72h.max"	0.0197805960888175
"Dlx3.48h"	"Dnmt3b.48h"	0.0197709701144217
"Stra13.48h"	"Foxa1.48h"	0.0197651722929162
"Id1.48h"	"Stat3.48h"	0.0197630155149465
"Dmrt1.48h"	"Foxg1.48h"	0.0197625667132916
"Hoxa2.48h"	"Cbx8.48h"	0.0197572928118082
"Eomes.48h"	"Cdyl2.48h"	0.0197554782559513
"Cdx2.24.72h.max"	"Nanog.48h"	0.0197488031855125
"Tcf4.48h"	"Msc.48h"	0.0197461628306511
"Fhl2.48h"	"Zmat4.48h"	0.0197450593757119
"MyoD1.48h"	"Mef2c.48h"	0.0197375445316826
"Grhl2.48h"	"Fbxo15.48h"	0.0197284846148468
"Esx1.24.72h.max"	"Nrip1.48h"	0.0197239974975422
"Dedd2.48h"	"Ell2.48h"	0.0197135922777302
"Fgfbp1.48h"	"Lhx2.48h"	0.0197100055452198
"Jmjd2c.48h"	"Sox7.48h"	0.0196900660149958
"Tcf3.48h"	"Arnt2.48h"	0.0196820608476173
"Prickle1.48h"	"Cdyl2.48h"	0.0196779710193688
"Sall4.48h"	"Fbxo15.48h"	0.0196689041421705
"Gadd45a.48h"	"Jarid1a.48h"	0.0196637688951205
"Eed.48h"	"Rhox6.48h"	0.0196541035026457
"Tcfap2c.48h"	"Nsbp1.48h"	0.0196383850740595
"Smad4.48h"	"Zfand3.48h"	0.0196094871754216
"Etv1.48h"	"Myc.24.72h.max"	0.0196065326579164
"Tbx5.48h"	"Irf2.48h"	0.0195926677028999
"Gata3.24.72h.max"	"Nr2f2.48h"	0.0195904513241586
"Foxc1.48h"	"Zmat4.48h"	0.0195855578110184
"Gbx2.48h"	"Ankrd22.48h"	0.0195635622013824
"Cdx2.24.72h.max"	"Aff1.48h"	0.0195594415725137
"Hoxa9.48h"	"Hoxa2.48h"	0.0195511631529703
"Fbxo15.48h"	"Zmat4.48h"	0.0195436742558796
"Esx1.24.72h.max"	"Dedd2.48h"	0.0195342979925054
"Hesx1.48h"	"Nsbp1.48h"	0.0195274873323891
"Atf3.48h"	"Bcl6.48h"	0.0195222742897948
"Smad4.48h"	"Sox2.24.72h.max"	0.0194754715473423
"Sox9.48h"	"Nkx2.5.48h"	0.0194710939273962
"Inppl1.48h"	"Fbxo15.48h"	0.0194698979272979
"Foxn3.48h"	"Cbx8.48h"	0.0194275971657761
"Ascl1.24.72h.max"	"Aff1.48h"	0.0194179705884679
"T.24.72h.max"	"Rxra.48h"	0.0194157569028483
"Dmrt1.48h"	"Aff1.48h"	0.0194149140627007
"Otx2.48h"	"Tcf3.48h"	0.0194130911315265
"Etv1.48h"	"Jun.48h"	0.0194074291438736
"Foxp3.48h"	"Foxj2.48h"	0.0194059270161771
"Msc.48h"	"Tcl1.48h"	0.0193843921870076
"Sox15.48h"	"Sox2.24.72h.max"	0.0193715580141789
"MyoD1.48h"	"Tcf4.48h"	0.0193426710567692
"Hoxa2.48h"	"Trpv2.48h"	0.0193271467004618
"Otx2.48h"	"Tgif1.48h"	0.0193253926222633
"Id1.48h"	"Smad1.48h"	0.0193179262416361
"Fem1b.48h"	"Suz12.48h"	0.0193012614753257
